Name,Status,Runid,Date
LPU,RUNNING,NONE,2020-02-24 15:56:0
LOAN_SALES_REMINDER_2,RUNNING,1473826,2020-02-24 16:00:0
BMO_REPORTS_DOWNLOAD_NEW,RUNNING,1473830,2020-02-24 16:00:0
LOAN_SALES_REMINDER_2_CAN,COMPLETED,1473824,2020-02-24 16:00:0
LOAN_SALES_REMINDER_2_CAN,RUNNING,1473824,2020-02-24 16:00:0
LOAN_SALES_REMINDER_2,COMPLETED,1473826,2020-02-24 16:00:0
LPU,COMPLETED,NONE,2020-02-24 16:56:1
Workout_cleanup,RUNNING,NONE,2020-02-24 17:00:0
MBF_FUNDS_INIT_1,OVERRUN,NONE,2020-02-24 17:00:0
Workout_cleanup,COMPLETED,NONE,2020-02-24 17:00:1
LSP_Data_Consumer_4,COMPLETED,1472200,2020-02-24 17:00:4
Renewal_Eligibility_Evaluation_5,RUNNING,1473937,2020-02-24 17:00:4
MBF_FUNDS_INIT_1,COMPLETED,1473763,2020-02-24 17:03:2
MBF_SDA_FILE_GENERATOR,RUNNING,1473943,2020-02-24 17:03:3
MBF_SDACH_SFTP_UPLAOD,RUNNING,1473944,2020-02-24 17:03:4
MBF_SDA_FILE_GENERATOR,COMPLETED,1473943,2020-02-24 17:03:4
MBF_SDACH_SFTP_UPLAOD,COMPLETED,1473944,2020-02-24 17:03:5
TIME_KEEPER_MBF_FUNDS_INIT_1_WIRE,RUNNING,NONE,2020-02-24 17:30:0
MBF_FTP_WIRE_UPLOAD_NEW,RUNNING,1473993,2020-02-24 17:30:0
TIME_KEEPER_MBF_FUNDS_INIT_1_WIRE,COMPLETED,NONE,2020-02-24 17:30:0
MBF_funds_Init_Wire_Upload,RUNNING,1473992,2020-02-24 17:30:0
MBF_FTP_WIRE_UPLOAD_NEW,COMPLETED,1473993,2020-02-24 17:30:1
MBF_funds_Init_Wire_Upload,COMPLETED,1473992,2020-02-24 17:30:1
LPU,RUNNING,NONE,2020-02-24 17:56:0
LPU,COMPLETED,NONE,2020-02-24 17:56:1
MBF_FUNDS_INIT_2,RUNNING,1474049,2020-02-24 18:00:0
MBF_Fund_Initiation_2,RUNNING,1474048,2020-02-24 18:00:0
TIME_KEEPER_MBF_FUNDS_INIT_2,RUNNING,NONE,2020-02-24 18:00:0
TIME_KEEPER_MBF_FUNDS_INIT_2,COMPLETED,NONE,2020-02-24 18:00:0
Renewal_Eligibility_Evaluation_5,COMPLETED,1473937,2020-02-24 18:16:1
Tier3_MPP_Data_Loader,RUNNING,1474079,2020-02-24 18:16:1
Tier3_MPP_Data_Loader,COMPLETED,1474079,2020-02-24 18:16:3
Renewal_Eligibility,COMPLETED,1472160,2020-02-24 18:16:3
MPP_Res_Consumer,COMPLETED,1474080,2020-02-24 18:16:3
MPP_Res_Consumer,RUNNING,1474080,2020-02-24 18:16:3
MBF_FUNDS_INIT_2,COMPLETED,1474049,2020-02-24 18:19:0
MBF_FILE_GENERATOR,RUNNING,1474085,2020-02-24 18:19:0
MBF_FTP_WIRE_UPLOAD_NEW,RUNNING,1474088,2020-02-24 18:20:2
MBF_FILE_GENERATOR,COMPLETED,1474085,2020-02-24 18:20:2
MBF_Fund_Initiation_2,COMPLETED,1474048,2020-02-24 18:20:3
MBF_FTP_WIRE_UPLOAD_NEW,COMPLETED,1474088,2020-02-24 18:20:3
TIME_KEEPER_MBF_SDACH_RECON,RUNNING,NONE,2020-02-24 18:35:0
TIME_KEEPER_MBF_SDACH_RECON,COMPLETED,NONE,2020-02-24 18:35:0
MBF_SDACH_SFTP_Recon,RUNNING,1474115,2020-02-24 18:35:0
MBF_SDACH_SFTP_Recon,COMPLETED,1474115,2020-02-24 18:35:2
LPU,RUNNING,NONE,2020-02-24 18:56:0
LPU,COMPLETED,NONE,2020-02-24 18:56:2
LPU,RUNNING,NONE,2020-02-24 19:56:0
LPU,COMPLETED,NONE,2020-02-24 19:57:5
ONDECK_NOAA_SENDLETTER_ACK_NEW,RUNNING,1474276,2020-02-24 20:00:0
LOAN_SALES_REMINDER_2_CAN,RUNNING,1474278,2020-02-24 20:00:0
LOAN_SALES_REMINDER_2,RUNNING,1474279,2020-02-24 20:00:0
LOAN_SALES_REMINDER_2,COMPLETED,1474279,2020-02-24 20:00:0
LOAN_SALES_REMINDER_2_CAN,COMPLETED,1474278,2020-02-24 20:00:1
ONDECK_NOAA_SENDLETTER_ACK_NEW,COMPLETED,1474276,2020-02-24 20:00:4
Celtic_Funds_Initiation_2,RUNNING,1474370,2020-02-24 20:45:0
CELTIC_FUNDS_INIT_2,RUNNING,1474371,2020-02-24 20:45:0
TIME_KEEPER_CELTIC_FUNDS_INIT_2,RUNNING,NONE,2020-02-24 20:45:0
TIME_KEEPER_CELTIC_FUNDS_INIT_2,COMPLETED,NONE,2020-02-24 20:45:0
Celtic_Funds_Initiation_2,COMPLETED,1474370,2020-02-24 20:53:2
CELTIC_FUNDS_INIT_2,COMPLETED,1474371,2020-02-24 20:53:2
CELTIC_FILE_GENERATOR,COMPLETED,1474388,2020-02-24 20:53:2
CELTIC_FILE_GENERATOR,RUNNING,1474388,2020-02-24 20:53:2
LPU,RUNNING,NONE,2020-02-24 20:56:0
LPU,COMPLETED,NONE,2020-02-24 20:57:0
TIME_KEEPER_MBF_FUNDS_INIT_3,RUNNING,NONE,2020-02-24 21:00:0
MBF_FUNDS_INIT_3,RUNNING,1474405,2020-02-24 21:00:0
TIME_KEEPER_MBF_FUNDS_INIT_3,COMPLETED,NONE,2020-02-24 21:00:0
MBF_Fund_Initiation_3,RUNNING,1474404,2020-02-24 21:00:0
CELTIC_FTPS_UPLOAD_2,RUNNING,1474436,2020-02-24 21:15:0
CELTIC_FTPS_UPLOAD_2,COMPLETED,1474436,2020-02-24 21:15:1
MBF_FILE_GENERATOR,RUNNING,1474437,2020-02-24 21:15:3
MBF_FUNDS_INIT_3,COMPLETED,1474405,2020-02-24 21:15:3
MBF_FTP_WIRE_UPLOAD_NEW,RUNNING,1474443,2020-02-24 21:17:0
MBF_FILE_GENERATOR,COMPLETED,1474437,2020-02-24 21:17:0
MBF_FTP_WIRE_UPLOAD_NEW,COMPLETED,1474443,2020-02-24 21:17:1
MBF_FTP_ACH_UPLOAD_NEW,RUNNING,1474444,2020-02-24 21:17:1
MBF_FTP_ACH_UPLOAD_NEW,COMPLETED,1474444,2020-02-24 21:17:3
MBF_Fund_Initiation_3,COMPLETED,1474404,2020-02-24 21:17:3
7_DAY_LSR_REFRESH,OVERRUN,NONE,2020-02-24 21:45:0
LPU,RUNNING,NONE,2020-02-24 21:56:0
LPU,COMPLETED,NONE,2020-02-24 21:56:1
LOAN_SALES_REMINDER_2_AUS,RUNNING,1474525,2020-02-24 22:00:0
LOAN_SALES_REMINDER_2_AUS,COMPLETED,1474525,2020-02-24 22:00:0
TIME_KEEPER_CELTIC_LOAN_DOCS_AND_DAILY_REPORTS,RUNNING,NONE,2020-02-24 22:10:0
TIME_KEEPER_CELTIC_LOAN_DOCS_AND_DAILY_REPORTS,COMPLETED,NONE,2020-02-24 22:10:0
LPU,RUNNING,NONE,2020-02-24 22:56:0
LPU,COMPLETED,NONE,2020-02-24 22:56:1
LPU,RUNNING,NONE,2020-02-24 23:56:0
LPU,COMPLETED,NONE,2020-02-24 23:56:2
TIME_KEEPER_MBF_FUNDS_INIT_4,COMPLETED,NONE,2020-02-25 00:00:0
MOVE_FUNDING_STATEMENTS_TO_ARCHIVE,RUNNING,1474766,2020-02-25 00:00:0
LOAN_SALES_REMINDER_2,RUNNING,1474762,2020-02-25 00:00:0
MBF_FUNDS_INIT_4,RUNNING,1474769,2020-02-25 00:00:0
LOAN_SALES_REMINDER_2_CAN,COMPLETED,1474767,2020-02-25 00:00:0
MOVE_FUNDING_STATEMENTS_TO_ARCHIVE,COMPLETED,1474766,2020-02-25 00:00:0
TIME_KEEPER_MBF_FUNDS_INIT_4,RUNNING,NONE,2020-02-25 00:00:0
LOAN_SALES_REMINDER_2,COMPLETED,1474762,2020-02-25 00:00:0
MBF_Fund_Initiation_4,RUNNING,1474768,2020-02-25 00:00:1
LOAN_SALES_REMINDER_2_CAN,RUNNING,1474767,2020-02-25 00:00:2
MBF_FILE_GENERATOR,RUNNING,1474804,2020-02-25 00:17:5
MBF_FUNDS_INIT_4,COMPLETED,1474769,2020-02-25 00:17:5
MBF_FILE_GENERATOR,COMPLETED,1474804,2020-02-25 00:19:4
MBF_FTP_ACH_UPLOAD_NEW,RUNNING,1474808,2020-02-25 00:19:4
MBF_Fund_Initiation_4,COMPLETED,1474768,2020-02-25 00:19:5
MBF_FTP_ACH_UPLOAD_NEW,COMPLETED,1474808,2020-02-25 00:19:5
7_DAY_LSR_REFRESH,COMPLETED,NONE,2020-02-25 00:39:0
TIME_KEEPER_CHASE_ECI_COMBINE_INBOUND,RUNNING,NONE,2020-02-25 00:45:0
TIME_KEEPER_CHASE_ECI_COMBINE_INBOUND,COMPLETED,NONE,2020-02-25 00:45:0
LPU,RUNNING,NONE,2020-02-25 00:56:0
LPU,COMPLETED,NONE,2020-02-25 00:56:1
DRAW_HOLD_NOTIFIER_2,SUBMITTED,NONE,2020-02-25 01:00:0
DRAW_HOLD_NOTIFIER_2,COMPLETED,1474889,2020-02-25 01:00:0
DRAW_HOLD_NOTIFIER_2,RUNNING,1474889,2020-02-25 01:00:0
TIME_KEEPER_CHASE_FUNDS_INIT_2,RUNNING,NONE,2020-02-25 01:00:0
TIME_KEEPER_CHASE_FUNDS_INIT_2,COMPLETED,NONE,2020-02-25 01:00:0
LOC_CLOSURE_NOTIFICATION_USA_2,RUNNING,1474890,2020-02-25 01:00:1
LOC_CLOSURE_NOTIFICATION_USA_2,COMPLETED,1474890,2020-02-25 01:00:1
TIME_KEEPER_FOR_CHASE_ACCOUNT_MAINT_JOB,COMPLETED,NONE,2020-02-25 01:15:0
TIME_KEEPER_FOR_CHASE_ACCOUNT_MAINT_JOB,RUNNING,NONE,2020-02-25 01:15:0
LPU,RUNNING,NONE,2020-02-25 01:56:0
LPU,COMPLETED,NONE,2020-02-25 01:56:1
Renewal_Eligibility,RUNNING,1475003,2020-02-25 02:00:0
Renewal_Eligibility_Control_Set_1,RUNNING,1475004,2020-02-25 02:00:0
LSP_Data_Export_2,RUNNING,1475007,2020-02-25 02:00:3
Salesforce_Data_Export_3,RUNNING,1475006,2020-02-25 02:00:3
Renewal_Eligibility_Control_Set_1,COMPLETED,1475004,2020-02-25 02:00:5
Salesforce_Data_Consumer_5,RUNNING,1475013,2020-02-25 02:02:1
Salesforce_Data_Export_3,COMPLETED,1475006,2020-02-25 02:02:1
Salesforce_Data_Consumer_5,COMPLETED,1475013,2020-02-25 02:02:4
LSP_Data_Export_2,COMPLETED,1475007,2020-02-25 02:16:3
LSP_Data_Consumer_4,RUNNING,1475040,2020-02-25 02:16:3
LPU,RUNNING,NONE,2020-02-25 02:56:0
LPU,COMPLETED,NONE,2020-02-25 02:56:1
LPU,RUNNING,NONE,2020-02-25 03:56:0
LPU,COMPLETED,NONE,2020-02-25 03:56:2
LPU,RUNNING,NONE,2020-02-25 04:56:0
LPU,COMPLETED,NONE,2020-02-25 04:56:1
Aus_Recon,RUNNING,NONE,2020-02-25 05:00:0
CBA_RECONCILIATION,RUNNING,NONE,2020-02-25 05:00:0
CBA_RECONCILIATION,COMPLETED,NONE,2020-02-25 05:01:5
Aus_Recon,COMPLETED,NONE,2020-02-25 05:01:4
Paydown_Generation_CBA,RUNNING,1475399,2020-02-25 05:30:0
COLLECTIONS_HOLD_AUS,RUNNING,1475398,2020-02-25 05:30:0
COLLECTIONS_HOLD_AUS,COMPLETED,1475398,2020-02-25 05:30:1
LOAN_SALES_JOB_AUS,RUNNING,1475400,2020-02-25 05:30:1
LOAN_SALES_NOTIFIER_AUS,RUNNING,NONE,2020-02-25 05:30:2
LOAN_SALES_JOB_AUS,COMPLETED,1475400,2020-02-25 05:30:2
Paydown_Generation_CBA,COMPLETED,1475399,2020-02-25 05:30:2
LOAN_SALES_NOTIFIER_AUS,COMPLETED,NONE,2020-02-25 05:30:2
LPU,RUNNING,NONE,2020-02-25 05:56:0
LPU,COMPLETED,NONE,2020-02-25 05:56:1
CBA_Funds_Initiation,RUNNING,1475459,2020-02-25 06:00:0
CBA_FUNDS_INIT,RUNNING,1475460,2020-02-25 06:00:0
CBA_FILE_GENERATION,RUNNING,1475466,2020-02-25 06:02:4
CBA_FILE_GENERATION,COMPLETED,1475466,2020-02-25 06:02:5
CBA_FUNDS_INIT,COMPLETED,1475460,2020-02-25 06:02:5
CBA_SFTP_UPLOAD,RUNNING,1475467,2020-02-25 06:02:5
CBA_SFTP_UPLOAD,COMPLETED,1475467,2020-02-25 06:03:1
CBA_Funds_Initiation,COMPLETED,1475459,2020-02-25 06:03:1
LPU,RUNNING,NONE,2020-02-25 06:56:0
LPU,COMPLETED,NONE,2020-02-25 06:56:1
MBF_FUNDS_RECONCILIATION_1,RUNNING,1475574,2020-02-25 07:00:0
CBA_PAYMENT_STATUS,RUNNING,1475578,2020-02-25 07:00:0
Recon1,RUNNING,1475573,2020-02-25 07:00:0
TIME_KEEPER_CBA_PAYMENT_STATUS,COMPLETED,NONE,2020-02-25 07:00:0
CLM_UNENROLL,RUNNING,1475575,2020-02-25 07:00:0
TIME_KEEPER_CBA_PAYMENT_STATUS,RUNNING,NONE,2020-02-25 07:00:0
CBA_PAYMENT_STATUS,COMPLETED,1475578,2020-02-25 07:01:0
CLM_UNENROLL,COMPLETED,1475575,2020-02-25 07:01:3
MBF_FUNDS_RECONCILIATION_2_NEW,RUNNING,1475610,2020-02-25 07:16:4
MBF_FUNDS_RECONCILIATION_1,COMPLETED,1475574,2020-02-25 07:16:4
MBF_FUNDS_RECONCILIATION_2_NEW,COMPLETED,1475610,2020-02-25 07:27:4
BMO_FUNDS_RECONCILIATION_1_NEW,RUNNING,1475630,2020-02-25 07:27:4
LSR_REFRESH_GP_1,RUNNING,NONE,2020-02-25 07:28:3
BMO_FUNDS_RECONCILIATION_1_NEW,COMPLETED,1475630,2020-02-25 07:28:3
Recon1,COMPLETED,1475573,2020-02-25 07:28:3
LPU,RUNNING,NONE,2020-02-25 07:56:0
LPU,COMPLETED,NONE,2020-02-25 07:56:1
CLM_ENROLL,RUNNING,1475692,2020-02-25 08:00:0
CLM_ENROLL,COMPLETED,1475692,2020-02-25 08:00:4
EXPERIAN_AMS_WEEKLY_1,RUNNING,1475718,2020-02-25 08:15:0
LSR_REFRESH_GP_1,COMPLETED,NONE,2020-02-25 08:27:0
EXPERIAN_AMS_WEEKLY_2,RUNNING,1475748,2020-02-25 08:30:0
EXPERIAN_AMS_WEEKLY_1,COMPLETED,1475718,2020-02-25 08:30:5
EXPERIAN_AMS_WEEKLY_2,COMPLETED,1475748,2020-02-25 08:36:5
EXPERIAN_AMS_WEEKLY_3,RUNNING,1475776,2020-02-25 08:45:0
EXPERIAN_AMS_WEEKLY_3,COMPLETED,1475776,2020-02-25 08:47:3
LPU,RUNNING,NONE,2020-02-25 08:56:0
LPU,COMPLETED,NONE,2020-02-25 08:56:1
COLLECTIONS_HOLD_USA,RUNNING,1475805,2020-02-25 09:00:0
EXPERIAN_AMS_WEEKLY_4,RUNNING,1475809,2020-02-25 09:00:0
COLLECTIONS_HOLD_CAN,RUNNING,1475806,2020-02-25 09:00:0
COLLECTIONS_HOLD_USA,COMPLETED,1475805,2020-02-25 09:00:1
COLLECTIONS_HOLD_CAN,COMPLETED,1475806,2020-02-25 09:00:1
EXPERIAN_AMS_WEEKLY_4,COMPLETED,1475809,2020-02-25 09:04:2
EXPERIAN_AMS_ALERTS_DAILY,RUNNING,1475836,2020-02-25 09:15:0
EXPERIAN_AMS_ALERTS_DAILY,COMPLETED,1475836,2020-02-25 09:15:1
CLM_POLICY_EXECUTION,RUNNING,1475865,2020-02-25 09:30:0
LSP_Data_Consumer_4,COMPLETED,1475040,2020-02-25 09:48:1
Renewal_Eligibility_Evaluation_5,RUNNING,1475899,2020-02-25 09:48:0
LPU,RUNNING,NONE,2020-02-25 09:56:0
LPU,COMPLETED,NONE,2020-02-25 09:56:1
LOC_FEE_WAIVER,RUNNING,1475923,2020-02-25 10:00:0
LOC_FEE_WAIVER,COMPLETED,1475923,2020-02-25 10:00:3
LPU,RUNNING,NONE,2020-02-25 10:56:0
LPU,COMPLETED,NONE,2020-02-25 10:56:1
Renewal_Eligibility_Evaluation_5,COMPLETED,1475899,2020-02-25 11:02:3
Tier3_MPP_Data_Loader,RUNNING,1476039,2020-02-25 11:02:3
Tier3_MPP_Data_Loader,COMPLETED,1476039,2020-02-25 11:02:4
MPP_Res_Consumer,RUNNING,1476040,2020-02-25 11:02:4
Renewal_Eligibility,COMPLETED,1475003,2020-02-25 11:02:4
MPP_Res_Consumer,COMPLETED,1476040,2020-02-25 11:02:5
LPU,RUNNING,NONE,2020-02-25 11:56:0
LPU,COMPLETED,NONE,2020-02-25 11:56:1
LOAN_SALES_REMINDER_1,COMPLETED,1476146,2020-02-25 12:00:1
LOAN_SALES_REMINDER_1_AUS,RUNNING,1476144,2020-02-25 12:00:0
LOAN_SALES_REMINDER_1,RUNNING,1476146,2020-02-25 12:00:0
LOAN_SALES_REMINDER_1_CAN,RUNNING,1476147,2020-02-25 12:00:0
LOAN_SALES_REMINDER_1_AUS,COMPLETED,1476144,2020-02-25 12:00:0
LOAN_SALES_REMINDER_1_CAN,COMPLETED,1476147,2020-02-25 12:00:1
LSR_REFRESH_Chase,RUNNING,NONE,2020-02-25 12:00:3
LPU,RUNNING,NONE,2020-02-25 12:56:0
LPU,COMPLETED,NONE,2020-02-25 12:56:1
TIME_KEEPER_Ingo_MBF_3,RUNNING,NONE,2020-02-25 13:00:0
UCC_Filing,RUNNING,NONE,2020-02-25 13:00:0
TIME_KEEPER_Ingo_MBF_3,COMPLETED,NONE,2020-02-25 13:00:0
Ingo_MBF_3_Recon,RUNNING,1476269,2020-02-25 13:00:0
UCC_Filing,COMPLETED,NONE,2020-02-25 13:02:2
CYCLE_TIME_REFRESH,SKIPPED,NONE,2020-02-25 13:04:0
Ingo_MBF_3_Recon,COMPLETED,1476269,2020-02-25 13:16:5
TIME_KEEPER_CHASE_SAP_GL,RUNNING,NONE,2020-02-25 13:30:0
TIME_KEEPER_CHASE_SAP_GL,COMPLETED,NONE,2020-02-25 13:30:0
LSR_REFRESH_Chase,COMPLETED,NONE,2020-02-25 13:33:0
LPU,RUNNING,NONE,2020-02-25 13:56:0
LPU,COMPLETED,NONE,2020-02-25 13:56:1
Recon2,RUNNING,1476393,2020-02-25 14:00:0
BMO_FUNDS_RECONCILIATION_2_NEW,RUNNING,1476394,2020-02-25 14:00:0
BMO_FUNDS_RECONCILIATION_2_NEW,COMPLETED,1476394,2020-02-25 14:01:0
CELTIC_FUNDS_RECONCILIATION,RUNNING,1476395,2020-02-25 14:01:0
CELTIC_FUNDS_RECONCILIATION,COMPLETED,1476395,2020-02-25 14:03:1
Recon2,COMPLETED,1476393,2020-02-25 14:03:1
LSR_REFRESH_GP_2,RUNNING,NONE,2020-02-25 14:03:1
Ingo_Celtic_Recon,RUNNING,1476407,2020-02-25 14:05:0
Ingo_Celtic_Recon,COMPLETED,1476407,2020-02-25 14:06:1
TIME_KEEPER_INTEREST_ACCRUAL_US,COMPLETED,NONE,2020-02-25 14:07:0
INTEREST_ACCRUAL_US,RUNNING,1476415,2020-02-25 14:07:0
TIME_KEEPER_INTEREST_ACCRUAL_US,RUNNING,NONE,2020-02-25 14:07:0
TIME_KEEPER_CHASE_FUNDS_INIT_1,RUNNING,NONE,2020-02-25 14:15:0
TIME_KEEPER_INTEREST_ACCRUAL_CAN,RUNNING,NONE,2020-02-25 14:15:0
TIME_KEEPER_LOAN_SALES_CAN,RUNNING,NONE,2020-02-25 14:15:0
PaydownGen_MBF,RUNNING,1476438,2020-02-25 14:15:0
TIME_KEEPER_CHASE_FUNDS_INIT_1,COMPLETED,NONE,2020-02-25 14:15:0
Paydown_Generation_US,RUNNING,1476437,2020-02-25 14:15:0
INTEREST_ACCRUAL_CAN,RUNNING,1476439,2020-02-25 14:15:0
LOAN_SALES_JOB_CAN,COMPLETED,1476436,2020-02-25 14:15:1
LOAN_SALES_JOB_CAN,RUNNING,1476436,2020-02-25 14:15:0
TIME_KEEPER_LOAN_SALES_CAN,COMPLETED,NONE,2020-02-25 14:15:0
TIME_KEEPER_INTEREST_ACCRUAL_CAN,COMPLETED,NONE,2020-02-25 14:15:0
PaydownGen_Celtic,RUNNING,1476440,2020-02-25 14:15:3
PaydownGen_MBF,COMPLETED,1476438,2020-02-25 14:15:3
PaydownGen_Celtic,COMPLETED,1476440,2020-02-25 14:15:3
Paydown_Generation_US,COMPLETED,1476437,2020-02-25 14:15:3
INTEREST_ACCRUAL_CAN,COMPLETED,1476439,2020-02-25 14:15:3
INTEREST_ACCRUAL_US,COMPLETED,1476415,2020-02-25 14:19:1
TIME_KEEPER_LOAN_SALES,COMPLETED,NONE,2020-02-25 14:30:0
LOAN_SALES_JOB,RUNNING,1476476,2020-02-25 14:30:0
TIME_KEEPER_DRAW_HOLD_NOTIFIER_1,COMPLETED,NONE,2020-02-25 14:30:0
TIME_KEEPER_DRAW_HOLD_NOTIFIER_1,RUNNING,NONE,2020-02-25 14:30:0
TIME_KEEPER_LOAN_SALES,RUNNING,NONE,2020-02-25 14:30:0
DRAW_HOLD_NOTIFIER_1,RUNNING,1476475,2020-02-25 14:30:0
DRAW_HOLD_NOTIFIER_1,COMPLETED,1476475,2020-02-25 14:30:1
LOC_CLOSURE_NOTIFICATION_USA_1,RUNNING,1476477,2020-02-25 14:30:1
LOC_CLOSURE_NOTIFICATION_USA_1,COMPLETED,1476477,2020-02-25 14:30:1
LOAN_SALES_JOB,COMPLETED,1476476,2020-02-25 14:34:5
LOAN_SALES_NOTIFIER_CAN,COMPLETED,1476507,2020-02-25 14:45:0
LOAN_SALES_NOTIFIER_CAN,RUNNING,1476507,2020-02-25 14:45:0
Paydown_Generation_BMO,RUNNING,1476510,2020-02-25 14:45:0
LOAN_SALES_NOTIFIER,RUNNING,1476508,2020-02-25 14:45:0
LOAN_SALES_NOTIFIER,COMPLETED,1476508,2020-02-25 14:45:1
Paydown_Generation_BMO,COMPLETED,1476510,2020-02-25 14:45:1
BMO_FUNDS_INIT,RUNNING,1476532,2020-02-25 14:55:0
BMO_Funds_Initiation,RUNNING,1476531,2020-02-25 14:55:0
TIME_KEEPER_BMO_FUNDS_INIT_1,COMPLETED,NONE,2020-02-25 14:55:0
TIME_KEEPER_BMO_FUNDS_INIT_1,RUNNING,NONE,2020-02-25 14:55:0
LPU,RUNNING,NONE,2020-02-25 14:56:0
LPU,COMPLETED,NONE,2020-02-25 14:56:2
CELTIC_FUNDS_INIT_1,RUNNING,1476549,2020-02-25 15:00:0
TIME_KEEPER_CELTIC_FUNDS_INIT_1,RUNNING,NONE,2020-02-25 15:00:0
ONDECK_NOAA_SENDLETTER_NEW,RUNNING,1476545,2020-02-25 15:00:0
CLM_POLICY_EXECUTION,OVERRUN,NONE,2020-02-25 15:00:0
TIME_KEEPER_CELTIC_FUNDS_INIT_1,COMPLETED,NONE,2020-02-25 15:00:0
Celtic_Funds_Initiation_1,RUNNING,1476548,2020-02-25 15:00:0
BMO_FUNDS_INIT,COMPLETED,1476532,2020-02-25 15:01:2
BMO_FILE_GENERATOR,RUNNING,1476555,2020-02-25 15:01:3
BMO_FILE_GENERATOR,COMPLETED,1476555,2020-02-25 15:02:1
BMO_SFTP_EFT_UPLOAD_NEW,RUNNING,1476557,2020-02-25 15:02:2
BMO_SFTP_EFT_UPLOAD_NEW,COMPLETED,1476557,2020-02-25 15:02:1
BMO_Funds_Initiation,COMPLETED,1476531,2020-02-25 15:02:2
CELTIC_FILE_GENERATOR,COMPLETED,1476560,2020-02-25 15:04:4
CELTIC_FUNDS_INIT_1,COMPLETED,1476549,2020-02-25 15:04:4
CELTIC_FILE_GENERATOR,RUNNING,1476560,2020-02-25 15:04:4
Celtic_Funds_Initiation_1,COMPLETED,1476548,2020-02-25 15:04:4
ONDECK_NOAA_SENDLETTER_NEW,COMPLETED,1476545,2020-02-25 15:12:1
LSR_REFRESH_GP_2,OVERRUN,NONE,2020-02-25 15:18:2
TIME_KEEPER_MBF_FUNDS_INIT_1,COMPLETED,NONE,2020-02-25 15:30:0
TIME_KEEPER_MBF_FUNDS_INIT_1,RUNNING,NONE,2020-02-25 15:30:0
MBF_Fund_Initiation_1,RUNNING,1476612,2020-02-25 15:30:0
MBF_FUNDS_INIT_1,RUNNING,1476613,2020-02-25 15:30:0
CELTIC_FTPS_UPLOAD_1,RUNNING,1476634,2020-02-25 15:40:0
CELTIC_FTPS_UPLOAD_1,COMPLETED,1476634,2020-02-25 15:40:0
LSR_REFRESH_GP_2,COMPLETED,NONE,2020-02-25 15:56:0
LPU,RUNNING,NONE,2020-02-25 15:56:0
DW_MASTER_DAILY,RUNNING,NONE,2020-02-25 15:56:1
7_DAY_LSR_REFRESH,RUNNING,NONE,2020-02-25 15:56:1
LPU,COMPLETED,NONE,2020-02-25 15:56:1
LOAN_SALES_REMINDER_2,RUNNING,1476677,2020-02-25 16:00:0
BMO_REPORTS_DOWNLOAD_NEW,RUNNING,1476680,2020-02-25 16:00:0
LOAN_SALES_REMINDER_2_CAN,RUNNING,1476675,2020-02-25 16:00:0
LOAN_SALES_REMINDER_2,COMPLETED,1476677,2020-02-25 16:00:1
LOAN_SALES_REMINDER_2_CAN,COMPLETED,1476675,2020-02-25 16:00:1
BMO_REPORTS_DOWNLOAD_NEW,COMPLETED,1476680,2020-02-25 16:00:2
DW_MASTER_DAILY,COMPLETED,NONE,2020-02-25 16:01:1
MBF_SDA_FILE_GENERATOR,RUNNING,1476775,2020-02-25 16:55:4
MBF_FUNDS_INIT_1,COMPLETED,1476613,2020-02-25 16:55:4
LPU,COMPLETED,NONE,2020-02-25 16:56:1
LPU,RUNNING,NONE,2020-02-25 16:56:2
MBF_SDACH_SFTP_UPLAOD,RUNNING,1476781,2020-02-25 16:57:1
MBF_SDA_FILE_GENERATOR,COMPLETED,1476775,2020-02-25 16:57:1
MBF_Fund_Initiation_1,COMPLETED,1476612,2020-02-25 16:57:2
MBF_SDACH_SFTP_UPLAOD,COMPLETED,1476781,2020-02-25 16:57:2
Workout_cleanup,RUNNING,NONE,2020-02-25 17:00:0
Workout_cleanup,COMPLETED,NONE,2020-02-25 17:00:1
MBF_FTP_WIRE_UPLOAD_NEW,RUNNING,1476842,2020-02-25 17:30:0
MBF_funds_Init_Wire_Upload,RUNNING,1476841,2020-02-25 17:30:0
TIME_KEEPER_MBF_FUNDS_INIT_1_WIRE,RUNNING,NONE,2020-02-25 17:30:0
TIME_KEEPER_MBF_FUNDS_INIT_1_WIRE,COMPLETED,NONE,2020-02-25 17:30:0
MBF_FTP_WIRE_UPLOAD_NEW,COMPLETED,1476842,2020-02-25 17:30:1
MBF_funds_Init_Wire_Upload,COMPLETED,1476841,2020-02-25 17:30:1
LPU,RUNNING,NONE,2020-02-25 17:56:0
LPU,COMPLETED,NONE,2020-02-25 17:56:1
TIME_KEEPER_MBF_FUNDS_INIT_2,COMPLETED,NONE,2020-02-25 18:00:0
MBF_FUNDS_INIT_2,RUNNING,1476898,2020-02-25 18:00:0
MBF_Fund_Initiation_2,RUNNING,1476897,2020-02-25 18:00:0
TIME_KEEPER_MBF_FUNDS_INIT_2,RUNNING,NONE,2020-02-25 18:00:0
MBF_FILE_GENERATOR,RUNNING,1476942,2020-02-25 18:25:4
MBF_FUNDS_INIT_2,COMPLETED,1476898,2020-02-25 18:25:4
MBF_FILE_GENERATOR,COMPLETED,1476942,2020-02-25 18:27:1
MBF_FTP_WIRE_UPLOAD_NEW,RUNNING,1476947,2020-02-25 18:27:1
MBF_Fund_Initiation_2,COMPLETED,1476897,2020-02-25 18:27:2
MBF_FTP_WIRE_UPLOAD_NEW,COMPLETED,1476947,2020-02-25 18:27:2
TIME_KEEPER_MBF_SDACH_RECON,COMPLETED,NONE,2020-02-25 18:35:0
TIME_KEEPER_MBF_SDACH_RECON,RUNNING,NONE,2020-02-25 18:35:0
MBF_SDACH_SFTP_Recon,RUNNING,1476962,2020-02-25 18:35:0
MBF_SDACH_SFTP_Recon,COMPLETED,1476962,2020-02-25 18:35:3
LPU,RUNNING,NONE,2020-02-25 18:56:0
LPU,COMPLETED,NONE,2020-02-25 18:56:1
LPU,RUNNING,NONE,2020-02-25 19:56:0
LPU,COMPLETED,NONE,2020-02-25 19:57:3
LOAN_SALES_REMINDER_2_CAN,RUNNING,1477126,2020-02-25 20:00:0
LOAN_SALES_REMINDER_2,RUNNING,1477124,2020-02-25 20:00:0
LOAN_SALES_REMINDER_2_CAN,COMPLETED,1477126,2020-02-25 20:00:0
LOAN_SALES_REMINDER_2,COMPLETED,1477124,2020-02-25 20:00:0
ONDECK_NOAA_SENDLETTER_ACK_NEW,RUNNING,1477128,2020-02-25 20:00:1
ONDECK_NOAA_SENDLETTER_ACK_NEW,COMPLETED,1477128,2020-02-25 20:00:4
TIME_KEEPER_CELTIC_FUNDS_INIT_2,RUNNING,NONE,2020-02-25 20:45:0
Celtic_Funds_Initiation_2,RUNNING,1477217,2020-02-25 20:45:0
TIME_KEEPER_CELTIC_FUNDS_INIT_2,COMPLETED,NONE,2020-02-25 20:45:0
CELTIC_FUNDS_INIT_2,RUNNING,1477218,2020-02-25 20:45:0
CELTIC_FILE_GENERATOR,RUNNING,1477235,2020-02-25 20:53:1
CELTIC_FUNDS_INIT_2,COMPLETED,1477218,2020-02-25 20:53:1
Celtic_Funds_Initiation_2,COMPLETED,1477217,2020-02-25 20:53:1
CELTIC_FILE_GENERATOR,COMPLETED,1477235,2020-02-25 20:53:1
LPU,RUNNING,NONE,2020-02-25 20:56:0
LPU,COMPLETED,NONE,2020-02-25 20:56:4
TIME_KEEPER_MBF_FUNDS_INIT_3,RUNNING,NONE,2020-02-25 21:00:0
MBF_FUNDS_INIT_3,RUNNING,1477252,2020-02-25 21:00:0
TIME_KEEPER_MBF_FUNDS_INIT_3,COMPLETED,NONE,2020-02-25 21:00:0
MBF_Fund_Initiation_3,RUNNING,1477251,2020-02-25 21:00:0
CELTIC_FTPS_UPLOAD_2,RUNNING,1477283,2020-02-25 21:15:0
CELTIC_FTPS_UPLOAD_2,COMPLETED,1477283,2020-02-25 21:15:1
MBF_FILE_GENERATOR,RUNNING,1477284,2020-02-25 21:15:2
MBF_FUNDS_INIT_3,COMPLETED,1477252,2020-02-25 21:15:2
MBF_FILE_GENERATOR,COMPLETED,1477284,2020-02-25 21:17:1
MBF_FTP_WIRE_UPLOAD_NEW,RUNNING,1477290,2020-02-25 21:17:1
MBF_FTP_ACH_UPLOAD_NEW,RUNNING,1477291,2020-02-25 21:17:2
MBF_FTP_WIRE_UPLOAD_NEW,COMPLETED,1477290,2020-02-25 21:17:2
MBF_FTP_ACH_UPLOAD_NEW,COMPLETED,1477291,2020-02-25 21:17:3
MBF_Fund_Initiation_3,COMPLETED,1477251,2020-02-25 21:17:3
7_DAY_LSR_REFRESH,OVERRUN,NONE,2020-02-25 21:56:1
LPU,RUNNING,NONE,2020-02-25 21:56:0
LPU,COMPLETED,NONE,2020-02-25 21:56:1
LOAN_SALES_REMINDER_2_AUS,RUNNING,1477374,2020-02-25 22:00:0
LOAN_SALES_REMINDER_2_AUS,COMPLETED,1477374,2020-02-25 22:00:0
TIME_KEEPER_CELTIC_LOAN_DOCS_AND_DAILY_REPORTS,RUNNING,NONE,2020-02-25 22:10:0
TIME_KEEPER_CELTIC_LOAN_DOCS_AND_DAILY_REPORTS,COMPLETED,NONE,2020-02-25 22:10:0
LPU,RUNNING,NONE,2020-02-25 22:56:0
LPU,COMPLETED,NONE,2020-02-25 22:56:1
7_DAY_LSR_REFRESH,COMPLETED,NONE,2020-02-25 23:26:2
LPU,RUNNING,NONE,2020-02-25 23:56:0
LPU,COMPLETED,NONE,2020-02-25 23:56:2
MBF_FUNDS_INIT_4,RUNNING,1477616,2020-02-26 00:00:0
MBF_Fund_Initiation_4,RUNNING,1477615,2020-02-26 00:00:0
MOVE_FUNDING_STATEMENTS_TO_ARCHIVE,RUNNING,1477613,2020-02-26 00:00:0
TIME_KEEPER_MBF_FUNDS_INIT_4,RUNNING,NONE,2020-02-26 00:00:0
LOAN_SALES_REMINDER_2,RUNNING,1477609,2020-02-26 00:00:0
MOVE_FUNDING_STATEMENTS_TO_ARCHIVE,COMPLETED,1477613,2020-02-26 00:00:0
LOAN_SALES_REMINDER_2,COMPLETED,1477609,2020-02-26 00:00:1
LOAN_SALES_REMINDER_2_CAN,COMPLETED,1477611,2020-02-26 00:00:1
TIME_KEEPER_MBF_FUNDS_INIT_4,COMPLETED,NONE,2020-02-26 00:00:1
LOAN_SALES_REMINDER_2_CAN,RUNNING,1477611,2020-02-26 00:00:5
MBF_FILE_GENERATOR,RUNNING,1477651,2020-02-26 00:17:1
MBF_FUNDS_INIT_4,COMPLETED,1477616,2020-02-26 00:17:1
MBF_FILE_GENERATOR,COMPLETED,1477651,2020-02-26 00:19:0
MBF_FTP_ACH_UPLOAD_NEW,RUNNING,1477653,2020-02-26 00:19:0
MBF_Fund_Initiation_4,COMPLETED,1477615,2020-02-26 00:19:1
MBF_FTP_ACH_UPLOAD_NEW,COMPLETED,1477653,2020-02-26 00:19:1
TIME_KEEPER_CHASE_ECI_COMBINE_INBOUND,RUNNING,NONE,2020-02-26 00:45:0
TIME_KEEPER_CHASE_ECI_COMBINE_INBOUND,COMPLETED,NONE,2020-02-26 00:45:0
LPU,RUNNING,NONE,2020-02-26 00:56:0
LPU,COMPLETED,NONE,2020-02-26 00:56:1
TIME_KEEPER_CHASE_FUNDS_INIT_2,RUNNING,NONE,2020-02-26 01:00:0
DRAW_HOLD_NOTIFIER_2,RUNNING,1477734,2020-02-26 01:00:0
TIME_KEEPER_CHASE_FUNDS_INIT_2,COMPLETED,NONE,2020-02-26 01:00:0
DRAW_HOLD_NOTIFIER_2,SUBMITTED,NONE,2020-02-26 01:00:0
DRAW_HOLD_NOTIFIER_2,COMPLETED,1477734,2020-02-26 01:00:1
LOC_CLOSURE_NOTIFICATION_USA_2,COMPLETED,1477737,2020-02-26 01:00:1
LOC_CLOSURE_NOTIFICATION_USA_2,RUNNING,1477737,2020-02-26 01:00:2
TIME_KEEPER_FOR_CHASE_ACCOUNT_MAINT_JOB,COMPLETED,NONE,2020-02-26 01:15:0
TIME_KEEPER_FOR_CHASE_ACCOUNT_MAINT_JOB,RUNNING,NONE,2020-02-26 01:15:0
LPU,RUNNING,NONE,2020-02-26 01:56:0
LPU,COMPLETED,NONE,2020-02-26 01:56:1
